<?xml version="1.0" encoding="ISO-8859-1"?>
<Textbooks>
  <book>
    <id>1</id>
    <title>Differential Equations with Boundary Value Problems</title>
    <author_one>John Porking</author_one> 
    <author_two>Al Boggess</author_two>
    <author_three>David Arnold</author_three>
    <ISBN>0131862367</ISBN>
    <publisher>Prentice Hall</publisher>
    <year>2006</year>
    <book_type>Hardback</book_type>
    <used_price>&#36;150.60</used_price>
    <new_price>&#36;158.40</new_price>
    <website><![CDATA[Textbooks.com]]></website>
  </book>
  <book>
    <id>2</id>
    <title>Fourier Series</title>
    <author_one>Rajendra Bhatia</author_one>
    <ISBN>0883857405</ISBN>
    <publisher>Mathematical Association of America</publisher>
    <year>2004</year>
    <book_type>Hardback</book_type>
    <used_price>&#36;12.21</used_price>
    <new_price>&#36;35.00</new_price>
    <website><![CDATA[Amazon.com]]></website>
  </book>
  <book>
    <id>3</id>
    <title>Linear Algebra</title>
    <author_one>Stephen H. Freidberg</author_one> 
    <author_two>Arnold J. Insel</author_two>
    <author_three>Lawrence E. Spence</author_three>  
    <ISBN>0130084514</ISBN>
    <publisher>Prentice Hall</publisher>
    <year>2003</year>
    <book_type>Hardback</book_type>
    <used_price>&#36;115.21</used_price>
    <new_price>&#36;163.48</new_price>
    <website><![CDATA[Textbooks.com]]></website>
  </book> 
</Textbooks>