{"textbooks": [
  {
  "rank": 1,
  "title": "Differential Equations with Boundary Value Problems",
  "authors": {
    "one": "John Porking",
    "two": "Al Boggess",
    "three": "David Arnold"
    },
  "ISBN": "0131862367",
  "publisher": "Prentice Hall",
  "Year": 2006,
  "Book_Type": "Harback",
  "Used_Price": 105.60,
  "New_Price": 158.40,
  "website": "Textbooks.com"
  },
  {
  "rank": 2,
  "title": "Fourier Series",
  "authors": {
    "one": "Rajendra Bhatia"
    },
  "ISBN": "0883857405",
  "publisher": "Mathematical Association of America",
  "Year": 2004,
  "Book_Type": "Harback",
  "Used_Price": 12.21,
  "New_Price": 35.00,
  "website": "Amazon.com"
  },
  {
  "rank": 3,
  "title": "Linear Algebra",
  "authors": {
    "one": "Stephen H. Freidberg",
    "two": "Arnold J. Insel",
    "three": "Lawrence E. Spence"
    },
  "ISBN": "0130084514",
  "publisher": "Prentice Hall",
  "Year": 2003,
  "Book_Type": "Harback",
  "Used_Price": 115.21,
  "New_Price": 163.48,
  "website": "Textbooks.com"
  }]
}